Country,State,City,Unit,Name,Address,Zone,ParentLocation
United States,California,San Francisco,Headquarters,SF Headquarters,123 Market Street San Francisco CA 94105,,
United States,California,San Francisco,Headquarters,SF HQ - Executive Floor,123 Market Street Floor 20 San Francisco CA 94105,,SF Headquarters
United States,California,San Francisco,Headquarters,SF HQ - IT Department,123 Market Street Floor 15 San Francisco CA 94105,IT Zone,SF Headquarters
United States,California,San Francisco,Headquarters,SF HQ - Data Center,123 Market Street Basement Level B1 San Francisco CA 94105,Secure Zone,SF Headquarters
United States,New York,New York,East Coast Office,NYC East Coast Office,456 Broadway New York NY 10013,,
United States,New York,New York,East Coast Office,NYC - Sales Department,456 Broadway Floor 10 New York NY 10013,Sales Zone,NYC East Coast Office
United States,Texas,Austin,South Office,Austin South Office,789 Congress Avenue Austin TX 78701,,
United States,Texas,Austin,South Office,Austin - Development Lab,789 Congress Avenue Floor 3 Austin TX 78701,R&D Zone,Austin South Office
United States,Washington,Seattle,West Coast Branch,Seattle West Coast Branch,321 Pine Street Seattle WA 98101,,
United States,Washington,Seattle,West Coast Branch,Seattle - Engineering,321 Pine Street Floor 8 Seattle WA 98101,Engineering Zone,Seattle West Coast Branch
United States,Illinois,Chicago,Midwest Office,Chicago Midwest Office,654 Lake Shore Drive Chicago IL 60611,,
United States,Illinois,Chicago,Midwest Office,Chicago - Operations Center,654 Lake Shore Drive Floor 12 Chicago IL 60611,Operations Zone,Chicago Midwest Office
United States,Florida,Miami,Southeast Office,Miami Southeast Office,987 Ocean Drive Miami FL 33139,,
United States,Georgia,Atlanta,Distribution Center,Atlanta Distribution Center,1234 Peachtree Industrial Blvd Atlanta GA 30341,Warehouse Zone A,
United States,Georgia,Atlanta,Distribution Center,Atlanta DC - Storage Area B,1234 Peachtree Industrial Blvd Section B Atlanta GA 30341,Warehouse Zone B,Atlanta Distribution Center
Canada,Ontario,Toronto,Canadian Office,Toronto Canadian Office,100 King Street West Toronto ON M5X 1C7,,
Canada,British Columbia,Vancouver,Pacific Office,Vancouver Pacific Office,200 Granville Street Vancouver BC V6C 1S4,,
United Kingdom,England,London,European Headquarters,London European HQ,25 Bank Street Canary Wharf London E14 5JP,,
Germany,Bavaria,Munich,EMEA Office,Munich EMEA Office,Maximilianstraße 35 80539 München Germany,,
Singapore,Central Region,Singapore,APAC Headquarters,Singapore APAC HQ,1 Raffles Place Singapore 048616,,
Japan,Tokyo,Tokyo,Japan Office,Tokyo Japan Office,1-1-1 Marunouchi Chiyoda City Tokyo 100-6390,,
